District,State,Website,Category
Jeffco,CO,https://www.jeffcopublicschools.org/fs/resource-manager/view/66fb630f-8662-45ee-82d3-edd074fcaf5b,Licensed
Jeffco,CO,https://www.jeffcopublicschools.org/fs/resource-manager/view/af2d5a68-5f64-4ae3-b77a-27fd45069436,Admin
Denver Public Schools,CO,https://aptg.co/y0m5sQ,Licensed
Denver Public Schools,CO,https://aptg.co/TtNJJt,Admin
Douglas County,CO,https://www.dcsdk12.org/fs/resource-manager/view/ad5755e9-19fe-45d8-bb60-ef62b0f977ac,Licensed
Cherry Creek,CO,https://www.cherrycreekschools.org/fs/resource-manager/view/31485c04-b767-40b5-a664-1dce766984d6,Admin
Cherry Creek,CO,https://www.cherrycreekschools.org/fs/resource-manager/view/c843cc40-b4f4-41f6-b49b-d11fb27e1ec2,Licensed
Adams 12,CO,https://www.adams12.org/fs/resource-manager/view/9b33c61c-a313-4184-8eec-e2e80773e4bb,Admin
Adams 12,CO,https://www.adams12.org/fs/resource-manager/view/395b4aed-09f9-4b3a-8eda-2ef2e9fc1e47,IT Admin
Adams 12,CO,https://www.adams12.org/fs/resource-manager/view/f5b1e451-84eb-4836-9a1e-3bc42ac25afb,Licensed
